Ticker,Company Name,Book Value,Current Price,Debt to Equity,Dividend Yield,EPS (ttm),EV/EBITDA,Face Value,High / Low,Industry,Industry P/E,Market Cap,Price to Sales,Profit Growth,Promoter Holding,ROCE,ROE,ROE (3yr avg),Sales Growth,Sector,Stock P/E,URL
RELIANCE,Reliance Industries Ltd,668,"1,298",,0.46,,,10.0,"1,612",Refineries & Marketing,,"17,62,411",,,,10.3,8.91,,,Energy,23.6,https://www.screener.in/company/RELIANCE/consolidated/
BHARTIARTL,Bharti Airtel Ltd,245,"1,902",,1.26,,,5.00,"2,175",Telecom - Cellular & Fixed line services,,"11,90,062",,,,17.6,20.3,,,Telecommunication,38.1,https://www.screener.in/company/BHARTIARTL/consolidated/
HDFCBANK,HDFC Bank Ltd,390,727,,1.79,,,1.00,"1,020",Private Sector Bank,,"11,22,085",,,,7.02,13.6,,,Financial Services,14.2,https://www.screener.in/company/HDFCBANK/consolidated/
ICICIBANK,ICICI Bank Ltd,527,"1,430",,0.84,,,2.00,"1,480",Private Sector Bank,,"10,26,034",,,,7.18,15.9,,,Financial Services,18.3,https://www.screener.in/company/ICICIBANK/consolidated/
SBIN,State Bank of India,674,"1,052",,1.65,,,1.00,"1,235",Public Sector Bank,,"9,71,988",,,,6.13,15.4,,,Financial Services,11.6,https://www.screener.in/company/SBIN/consolidated/
TCS,Tata Consultancy Services Ltd,296,"2,270",,2.82,,,1.00,"3,350",Computers - Software & Consulting,,"8,23,170",,,,63.0,51.8,,,Information Technology,15.3,https://www.screener.in/company/TCS/consolidated/
BAJFINANCE,Bajaj Finance Ltd,183,"1,085",,0.50,,,1.00,"1,178",Non Banking Financial Company (NBFC),,"6,79,484",,,,10.9,18.2,,,Financial Services,33.2,https://www.screener.in/company/BAJFINANCE/consolidated/
LT,Larsen & Toubro Ltd,794,"4,038",,0.94,,,2.00,"4,440",Civil Construction,,"5,55,939",,,,14.6,15.9,,,Industrials,31.6,https://www.screener.in/company/LT/consolidated/
HINDUNILVR,Hindustan Unilever Ltd,207,"2,021",,2.03,,,1.00,"2,660",Diversified FMCG,,"4,74,899",,,,28.4,31.0,,,Fast Moving Consumer Goods,43.1,https://www.screener.in/company/HINDUNILVR/consolidated/
SUNPHARMA,Sun Pharmaceutical Industries Ltd,348,"1,900",,0.84,,,1.00,"2,048",Pharmaceuticals,,"4,56,942",,,,20.5,16.0,,,Healthcare,36.2,https://www.screener.in/company/SUNPHARMA/consolidated/
INFY,Infosys Ltd,225,"1,120",,4.29,,,5.00,"1,728",Computers - Software & Consulting,,"4,54,900",,,,40.0,31.9,,,Information Technology,14.6,https://www.screener.in/company/INFY/consolidated/
TITAN,Titan Company Ltd,177,"5,100",,0.29,,,1.00,"5,169","Gems, Jewellery And Watches",,"4,53,638",,,,20.5,37.7,,,Consumer Discretionary,77.7,https://www.screener.in/company/TITAN/consolidated/
MARUTI,Maruti Suzuki India Ltd,"3,408","13,520",,1.04,,,5.00,"17,372",Passenger Cars & Utility Vehicles,,"4,25,944",,,,18.9,14.3,,,Consumer Discretionary,29.7,https://www.screener.in/company/MARUTI/consolidated/
M&M,Mahindra & Mahindra Ltd,749,"3,398",,0.97,,,5.00,"3,840",Passenger Cars & Utility Vehicles,,"4,23,123",,,,15.1,20.3,,,Consumer Discretionary,22.1,https://www.screener.in/company/M&M/consolidated/
ADANIENT,Adani Enterprises Ltd,627,"3,112",,0.04,,,1.00,"3,245",Trading - Minerals,,"4,21,662",,,,5.80,-3.38,,,Commodities,178,https://www.screener.in/company/ADANIENT/consolidated/
KOTAKBANK,Kotak Mahindra Bank Ltd,182,417,,0.16,,,1.00,453,Private Sector Bank,,"4,14,106",,,,6.98,11.4,,,Financial Services,20.7,https://www.screener.in/company/KOTAKBANK/consolidated/
ADANIPORTS,Adani Ports & Special Economic Zone Ltd,416,"1,692",,0.44,,,2.00,"1,892",Port & Port services,,"3,91,485",,,,14.1,16.4,,,Services,29.5,https://www.screener.in/company/ADANIPORTS/consolidated/
AXISBANK,Axis Bank Ltd,712,"1,255",,0.08,,,2.00,"1,418",Private Sector Bank,,"3,89,880",,,,6.24,13.1,,,Financial Services,14.0,https://www.screener.in/company/AXISBANK/consolidated/
HCLTECH,HCL Technologies Ltd,277,"1,298",,4.16,,,2.00,"1,780",Computers - Software & Consulting,,"3,53,390",,,,30.4,23.8,,,Information Technology,19.5,https://www.screener.in/company/HCLTECH/consolidated/
ULTRACEMCO,UltraTech Cement Ltd,"2,600","11,717",,2.05,,,10.0,"13,110",Cement & Cement Products,,"3,45,425",,,,12.7,11.1,,,Commodities,40.0,https://www.screener.in/company/ULTRACEMCO/consolidated/
ITC,ITC Ltd,57.9,270,,5.37,,,1.00,427,Diversified FMCG,,"3,39,117",,,,38.9,29.3,,,Fast Moving Consumer Goods,17.2,https://www.screener.in/company/ITC/consolidated/
JSWSTEEL,JSW Steel Ltd,409,"1,341",,0.53,,,1.00,"1,341",Iron & Steel,,"3,27,786",,,,11.0,10.2,,,Commodities,27.2,https://www.screener.in/company/JSWSTEEL/consolidated/
NTPC,NTPC Ltd,210,335,,2.69,,,10.0,414,Power Generation,,"3,24,403",,,,8.92,15.1,,,Utilities,11.7,https://www.screener.in/company/NTPC/consolidated/
BAJAJFINSV,Bajaj Finserv Ltd,487,"2,010",,0.07,,,1.00,"2,195",Holding Company,,"3,23,305",,,,10.6,13.2,,,Financial Services,31.5,https://www.screener.in/company/BAJAJFINSV/consolidated/
BAJAJ-AUTO,Bajaj Auto Ltd,"1,389","11,724",,1.28,,,10.0,"11,927",2/3 Wheelers,,"3,22,261",,,,28.2,29.2,,,Consumer Discretionary,27.3,https://www.screener.in/company/BAJAJ-AUTO/consolidated/
ETERNAL,Eternal Ltd,32.1,327,,0.00,,,1.00,368,E-Retail/ E-Commerce,,"3,21,195",,,,2.48,0.38,,,Consumer Discretionary,742,https://www.screener.in/company/ETERNAL/consolidated/
BEL,Bharat Electronics Ltd,32.8,407,,0.61,,,1.00,473,Aerospace & Defense,,"2,99,027",,,,36.4,27.4,,,Industrials,48.6,https://www.screener.in/company/BEL/consolidated/
ONGC,Oil & Natural Gas Corpn Ltd,296,232,,5.71,,,5.00,308,Oil Exploration & Production,,"2,91,504",,,,14.2,11.6,,,Energy,6.67,https://www.screener.in/company/ONGC/consolidated/
NESTLEIND,Nestle India Ltd,27.5,"1,452",,0.83,,,1.00,"1,553",Packaged Foods,,"2,79,895",,,,84.1,73.2,,,Fast Moving Consumer Goods,74.5,https://www.screener.in/company/NESTLEIND/
SHRIRAMFIN,Shriram Finance Ltd,350,"1,118",,0.97,,,2.00,"1,154",Non Banking Financial Company (NBFC),,"2,63,061",,,,11.5,16.4,,,Financial Services,23.2,https://www.screener.in/company/SHRIRAMFIN/consolidated/
ASIANPAINT,Asian Paints Ltd,223,"2,626",,1.05,,,1.00,"2,986",Paints,,"2,51,933",,,,26.3,21.8,,,Consumer Discretionary,51.7,https://www.screener.in/company/ASIANPAINT/consolidated/
COALINDIA,Coal India Ltd,193,404,,6.57,,,10.0,491,Coal,,"2,49,005",,,,35.0,28.2,,,Energy,7.98,https://www.screener.in/company/COALINDIA/consolidated/
POWERGRID,Power Grid Corporation of India Ltd,108,265,,3.39,,,10.0,325,Power - Transmission,,"2,47,566",,,,9.10,15.3,,,Utilities,15.6,https://www.screener.in/company/POWERGRID/consolidated/
HINDALCO,Hindalco Industries Ltd,608,"1,053",,0.47,,,1.00,"1,179",Aluminium,,"2,36,870",,,,13.2,13.0,,,Commodities,11.4,https://www.screener.in/company/HINDALCO/consolidated/
TATASTEEL,Tata Steel Ltd,81.8,188,,2.13,,,1.00,224,Iron & Steel,,"2,35,383",,,,12.5,11.7,,,Commodities,19.9,https://www.screener.in/company/TATASTEEL/consolidated/
GRASIM,Grasim Industries Ltd,"1,520","3,300",,0.30,,,2.00,"3,412",Cement & Cement Products,,"2,25,227",,,,8.01,4.98,,,Commodities,39.2,https://www.screener.in/company/GRASIM/consolidated/
EICHERMOT,Eicher Motors Ltd,915,"8,035",,1.02,,,1.00,"8,233",2/3 Wheelers,,"2,20,496",,,,30.5,24.0,,,Consumer Discretionary,37.9,https://www.screener.in/company/EICHERMOT/consolidated/
INDIGO,Interglobe Aviation Ltd,180,"5,250",,0.19,,,10.0,"5,970",Airline,,"2,02,942",,,,5.24,-27.1,,,Services,,https://www.screener.in/company/INDIGO/consolidated/
SBILIFE,SBI Life Insurance Company Ltd,201,"1,768",,0.15,,,10.0,"2,133",Life Insurance,,"1,76,392",,,,15.0,13.7,,,Financial Services,67.8,https://www.screener.in/company/SBILIFE/
WIPRO,Wipro Ltd,83.9,177,,6.20,,,2.00,273,Computers - Software & Consulting,,"1,75,842",,,,17.8,15.5,,,Information Technology,13.3,https://www.screener.in/company/WIPRO/consolidated/
JIOFIN,Jio Financial Services Ltd,211,241,,0.25,,,10.0,322,Investment Company,,"1,59,464",,,,1.86,1.19,,,Financial Services,77.2,https://www.screener.in/company/JIOFIN/consolidated/
TRENT,Trent Ltd,131,"2,908",,0.14,,,1.00,"3,783",Speciality Retail,,"1,55,128",,,,28.3,27.7,,,Consumer Discretionary,84.8,https://www.screener.in/company/TRENT/consolidated/
TECHM,Tech Mahindra Ltd,302,"1,571",,3.25,,,5.00,"1,854",Computers - Software & Consulting,,"1,54,444",,,,23.1,17.5,,,Information Technology,29.0,https://www.screener.in/company/TECHM/consolidated/
APOLLOHOSP,Apollo Hospitals Enterprise Ltd,659,"8,766",,0.23,,,5.00,"9,327",Hospital,,"1,26,205",,,,17.4,21.2,,,Healthcare,60.0,https://www.screener.in/company/APOLLOHOSP/consolidated/
HDFCLIFE,HDFC Life Insurance Company Ltd,90.0,553,,0.38,,,10.0,815,Life Insurance,,"1,19,897",,,,10.3,11.3,,,Financial Services,60.7,https://www.screener.in/company/HDFCLIFE/consolidated/
TMPV,Tata Motors Passenger Vehicles Ltd,304,313,,0.96,,,2.00,447,Passenger Cars & Utility Vehicles,,"1,15,403",,,,2.73,75.7,,,Consumer Discretionary,116,https://www.screener.in/company/TMPV/consolidated/
CIPLA,Cipla Ltd,426,"1,403",,0.93,,,2.00,"1,673",Pharmaceuticals,,"1,13,477",,,,15.5,11.6,,,Healthcare,31.7,https://www.screener.in/company/CIPLA/consolidated/
TATACONSUM,Tata Consumer Products Ltd,220,"1,047",,0.96,,,1.00,"1,283",Tea & Coffee,,"1,03,866",,,,9.24,7.35,,,Fast Moving Consumer Goods,63.0,https://www.screener.in/company/TATACONSUM/consolidated/
DRREDDY,Dr Reddys Laboratories Ltd,454,"1,182",,0.68,,,1.00,"1,415",Pharmaceuticals,,"98,866",,,,13.0,11.2,,,Healthcare,30.7,https://www.screener.in/company/DRREDDY/consolidated/
MAXHEALTH,Max Healthcare Institute Ltd,110,"1,005",,0.20,,,10.0,"1,222",Hospital,,"97,911",,,,14.7,14.7,,,Healthcare,65.4,https://www.screener.in/company/MAXHEALTH/consolidated/
